molecule_name,pIC50
CHEMBL3632807,5.873379845323528
CHEMBL3632806,5.7375728495545735
CHEMBL3632805,5.4530519415887655
CHEMBL3632803,5.873379845323528
CHEMBL3632802,5.198271944978166
CHEMBL2036880,5.4530519415887655
